{
    "loss": 0.10971204936504364,
    "accuracy": 0.9640287756919861
}