{
    "loss": 0.1268780678510666,
    "accuracy": 0.9568345546722412
}